{	
	"AppSize" : {
		"Width": "370",
		"Height": "630"
	},
	"Slingshot" : {
		"X" : "3",
		"Y" : "3",
		"Size" : "32"
	},
	"Bombs" :{
		"X" : "35",
		"Y" : "3",
		"Size" : "32"
	},
	"Bombchus" :{
		"X" : "70",
		"Y" : "3",
		"Size" : "32"
	},
	"Hookshot" :{
		"X" : "105",
		"Y" : "3",
		"Size" : "32"
	},
	"Bow" :{
		"X" : "140",
		"Y" : "3",
		"Size" : "32"
	},
	"Arrows" :{
		"X" : "175",
		"Y" : "3",
		"Size" : "32"
	},
	"Spells" :{
		"X" : "210",
		"Y" : "3",
		"Size" : "32"
	},
	"Magic" :{
		"X" : "245",
		"Y" : "3",
		"Size" : "32"
	},
	"Boots" :{
		"X" : "280",
		"Y" : "3",
		"Size" : "32"
	},
	"BiggoronItem" :{
		"X" : "315",
		"Y" : "3",
		"Size" : "32"
	},
	"Boomerang" :{
		"X" : "3",
		"Y" : "38",
		"Size" : "32"
	},
	"Scale" :{
		"X" : "35",
		"Y" : "38",
		"Size" : "32"
	},
	"Strength" :{
		"X" : "70",
		"Y" : "38",
		"Size" : "32"
	},
	"Lens" :{
		"X" : "105",
		"Y" : "38",
		"Size" : "32"
	},
	"Hammer" :{
		"X" : "140",
		"Y" : "38",
		"Size" : "32"
	},
	"Tunics" :{
		"X" : "175",
		"Y" : "38",
		"Size" : "32"
	},
	"Wallet" :{
		"X" : "210",
		"Y" : "38",
		"Size" : "32"
	},
	"RutosLetter" :{
		"X" : "245",
		"Y" : "38",
		"Size" : "32"
	},
	"MirrorShield" :{
		"X" : "280",
		"Y" : "38",
		"Size" : "32"
	},
	"CollectedSkulls" :{
		"X" : "315",
		"Y" : "38",
		"Size" : "32"
	},
	"ZeldasLullaby" :{
		"X" : "20",
		"Y" : "80",
		"Size" : "24"
	},
	"EponasSong" :{
		"X" : "52",
		"Y" : "80",
		"Size" : "24"
	},
	"SariasSong" :{
		"X" : "84",
		"Y" : "80",
		"Size" : "24"
	},
	"SunsSong" :{
		"X" : "117",
		"Y" : "80",
		"Size" : "24"
	},
	"SongOfTime" :{
		"X" : "148",
		"Y" : "80",
		"Size" : "24"
	},
	"SongOfStorms" :{
		"X" : "180",
		"Y" : "80",
		"Size" : "24"
	},
	"Minuet" :{
		"X" : "20",
		"Y" : "121",
		"Size" : "24"
	},
	"Bolero" :{
		"X" : "52",
		"Y" : "121",
		"Size" : "24"
	},
	"Serenade" :{
		"X" : "84",
		"Y" : "121",
		"Size" : "24"
	},
	"Nocturne" :{
		"X" : "117",
		"Y" : "121",
		"Size" : "24"
	},
	"Requiem" :{
		"X" : "148",
		"Y" : "121",
		"Size" : "24"
	},
	"Prelude" :{
		"X" : "180",
		"Y" : "121",
		"Size" : "24"
	},
	"GreenMedallion" :{
		"X" : "230",
		"Y" : "85",
		"Size" : "32"
	},
	"RedMedallion" :{
		"X" : "270",
		"Y" : "85",
		"Size" : "32"
	},
	"BlueMedallion" :{
		"X" : "310",
		"Y" : "85",
		"Size" : "32"
	},
	"PurpleMedallion" :{
		"X" : "230",
		"Y" : "125",
		"Size" : "32"
	},
	"OrangeMedallion" :{
		"X" : "270",
		"Y" : "125",
		"Size" : "32"
	},
	"YellowMedallion" :{
		"X" : "310",
		"Y" : "125",
		"Size" : "32"
	},
	"KokiriStone" :{
		"X" : "235",
		"Y" : "165",
		"Size" : "24"
	},
	"GoronStone" :{
		"X" : "275",
		"Y" : "165",
		"Size" : "24"
	},
	"ZoraStone" :{
		"X" : "314",
		"Y" : "165",
		"Size" : "24"
	},
	"Skulltulas_30" : {
		"X" : "215",
		"Y" : "215",
		"Size" : "24"
	},
	"Skulltulas_30_GossipStone" : {
		"X" : "245",
		"Y" : "215",
		"Size" : "24"
	},
	"Skulltulas_40" : {
		"X" : "215",
		"Y" : "245",
		"Size" : "24"
	},
	"Skulltulas_40_GossipStone" : {
		"X" : "245",
		"Y" : "245",
		"Size" : "24"
	},
	"Skulltulas_50" : {
		"X" : "215",
		"Y" : "275",
		"Size" : "24"
	},
	"Skulltulas_50_GossipStone" : {
		"X" : "245",
		"Y" : "275",
		"Size" : "24"
	},
	"SkullMask" : {
		"X" : "285",
		"Y" : "215",
		"Size" : "24"
	},
	"SkullMask_GossipStone" : {
		"X" : "315",
		"Y" : "215",
		"Size" : "24"
	},
	"Biggoron" : {
		"X" : "285",
		"Y" : "245",
		"Size" : "24"
	},
	"Biggoron_GossipStone" : {
		"X" : "315",
		"Y" : "245",
		"Size" : "24"
	},
	"Frogs" : {
		"X" : "285",
		"Y" : "275",
		"Size" : "24"
	},
	"Frogs_GossipStone" : {
		"X" : "315",
		"Y" : "275",
		"Size" : "24"
	},
	"OcarinaOfTimeHint" : {
		"X" : "285",
		"Y" : "305",
		"Size" : "24"
	},
	"OcarinaOfTimeHint_GossipStone" : {
		"X" : "315",
		"Y" : "305",
		"Size" : "24"
	},
	"GoMode" : {
		"X" : "275",
		"Y" : "365",
		"Size" : "32"
	},
	"SH_GossipStone1": {
		"X" : "140",
		"Y" : "170",
		"Size" : "24"
	},
	"SH_GossipStone2": {
		"X" : "140",
		"Y" : "199",
		"Size" : "24"
	},
	"SH_GossipStone3": {
		"X" : "140",
		"Y" : "228",
		"Size" : "24"
	},
	"SH_GossipStone4": {
		"X" : "140",
		"Y" : "257",
		"Size" : "24"
	},
	"SH_GossipStone5": {
		"X" : "140",
		"Y" : "286",
		"Size" : "24"
	},
	"Chronometer" : {
		"X" : "95",
		"Y" : "530"
	},
	"PanelWoth" : {
		"X" : "11",
		"Y" : "405"
	},
	"PanelBarren" : {
		"X" : "11",
		"Y" : "330"
	}
}