{	
	"AppSize" : {
		"Width": "370",
		"Height": "610"
	},
	"Slingshot" : {
		"X" : "228",
		"Y" : "50",
		"Size" : "24"
	},
	"Bombs" :{
		"X" : "257",
		"Y" : "50",
		"Size" : "24"
	},
	"Bombchus" :{
		"X" : "286",
		"Y" : "50",
		"Size" : "24"
	},
	"Hookshot" :{
		"X" : "315",
		"Y" : "50",
		"Size" : "24"
	},
	"Bow" :{
		"X" : "228",
		"Y" : "79",
		"Size" : "24"
	},
	"Arrows" :{
		"X" : "257",
		"Y" : "79",
		"Size" : "24"
	},
	"Spells" :{
		"X" : "286",
		"Y" : "79",
		"Size" : "24"
	},
	"Magic" :{
		"X" : "315",
		"Y" : "79",
		"Size" : "24"
	},
	"Boots" :{
		"X" : "228",
		"Y" : "108",
		"Size" : "24"
	},
	"BiggoronItem" :{
		"X" : "257",
		"Y" : "108",
		"Size" : "24"
	},
	"Boomerang" :{
		"X" : "286",
		"Y" : "108",
		"Size" : "24"
	},
	"Scale" :{
		"X" : "315",
		"Y" : "108",
		"Size" : "24"
	},
	"Strength" :{
		"X" : "228",
		"Y" : "137",
		"Size" : "24"
	},
	"Lens" :{
		"X" : "257",
		"Y" : "137",
		"Size" : "24"
	},
	"Hammer" :{
		"X" : "286",
		"Y" : "137",
		"Size" : "24"
	},
	"Tunics" :{
		"X" : "315",
		"Y" : "137",
		"Size" : "24"
	},
	"Wallet" :{
		"X" : "228",
		"Y" : "166",
		"Size" : "24"
	},
	"RutosLetter" :{
		"X" : "257",
		"Y" : "166",
		"Size" : "24"
	},
	"MirrorShield" :{
		"X" : "286",
		"Y" : "166",
		"Size" : "24"
	},
	"CollectedSkulls" :{
		"X" : "315",
		"Y" : "166",
		"Size" : "24"
	},
	"ZeldasLullaby" :{
		"X" : "20",
		"Y" : "50",
		"Size" : "24"
	},
	"EponasSong" :{
		"X" : "52",
		"Y" : "50",
		"Size" : "24"
	},
	"SariasSong" :{
		"X" : "84",
		"Y" : "50",
		"Size" : "24"
	},
	"SunsSong" :{
		"X" : "117",
		"Y" : "50",
		"Size" : "24"
	},
	"SongOfTime" :{
		"X" : "148",
		"Y" : "50",
		"Size" : "24"
	},
	"SongOfStorms" :{
		"X" : "180",
		"Y" : "50",
		"Size" : "24"
	},
	"Minuet" :{
		"X" : "20",
		"Y" : "91",
		"Size" : "24"
	},
	"Bolero" :{
		"X" : "52",
		"Y" : "91",
		"Size" : "24"
	},
	"Serenade" :{
		"X" : "84",
		"Y" : "91",
		"Size" : "24"
	},
	"Nocturne" :{
		"X" : "117",
		"Y" : "91",
		"Size" : "24"
	},
	"Requiem" :{
		"X" : "148",
		"Y" : "91",
		"Size" : "24"
	},
	"Prelude" :{
		"X" : "180",
		"Y" : "91",
		"Size" : "24"
	},
	"GreenMedallion" :{
		"X" : "10",
		"Y" : "6",
		"Size" : "24"
	},
	"RedMedallion" :{
		"X" : "49",
		"Y" : "6",
		"Size" : "24"
	},
	"BlueMedallion" :{
		"X" : "88",
		"Y" : "6",
		"Size" : "24"
	},
	"PurpleMedallion" :{
		"X" : "127",
		"Y" : "6",
		"Size" : "24"
	},
	"OrangeMedallion" :{
		"X" : "166",
		"Y" : "6",
		"Size" : "24"
	},
	"YellowMedallion" :{
		"X" : "205",
		"Y" : "6",
		"Size" : "24"
	},
	"KokiriStone" :{
		"X" : "244",
		"Y" : "6",
		"Size" : "24"
	},
	"GoronStone" :{
		"X" : "283",
		"Y" : "6",
		"Size" : "24"
	},
	"ZoraStone" :{
		"X" : "322",
		"Y" : "6",
		"Size" : "24"
	},
	"Skulltulas_30" : {
		"X" : "215",
		"Y" : "205",
		"Size" : "24"
	},
	"Skulltulas_30_GossipStone" : {
		"X" : "245",
		"Y" : "205",
		"Size" : "24"
	},
	"Skulltulas_40" : {
		"X" : "215",
		"Y" : "235",
		"Size" : "24"
	},
	"Skulltulas_40_GossipStone" : {
		"X" : "245",
		"Y" : "235",
		"Size" : "24"
	},
	"Skulltulas_50" : {
		"X" : "215",
		"Y" : "265",
		"Size" : "24"
	},
	"Skulltulas_50_GossipStone" : {
		"X" : "245",
		"Y" : "265",
		"Size" : "24"
	},
	"SkullMask" : {
		"X" : "285",
		"Y" : "205",
		"Size" : "24"
	},
	"SkullMask_GossipStone" : {
		"X" : "315",
		"Y" : "205",
		"Size" : "24"
	},
	"Biggoron" : {
		"X" : "285",
		"Y" : "235",
		"Size" : "24"
	},
	"Biggoron_GossipStone" : {
		"X" : "315",
		"Y" : "235",
		"Size" : "24"
	},
	"Frogs" : {
		"X" : "285",
		"Y" : "265",
		"Size" : "24"
	},
	"Frogs_GossipStone" : {
		"X" : "315",
		"Y" : "265",
		"Size" : "24"
	},
	"OcarinaOfTimeHint" : {
		"X" : "180",
		"Y" : "140",
		"Size" : "24"
	},
	"OcarinaOfTimeHint_GossipStone" : {
		"X" : "180",
		"Y" : "164",
		"Size" : "24"
	},
	"GoMode" : {
		"X" : "275",
		"Y" : "345",
		"Size" : "32"
	},
	"SH_GossipStone1": {
		"X" : "140",
		"Y" : "150",
		"Size" : "24"
	},
	"SH_GossipStone2": {
		"X" : "140",
		"Y" : "179",
		"Size" : "24"
	},
	"SH_GossipStone3": {
		"X" : "140",
		"Y" : "208",
		"Size" : "24"
	},
	"SH_GossipStone4": {
		"X" : "140",
		"Y" : "237",
		"Size" : "24"
	},
	"SH_GossipStone5": {
		"X" : "140",
		"Y" : "266",
		"Size" : "24"
	},
	"Chronometer" : {
		"X" : "95",
		"Y" : "510"
	},
	"PanelWoth" : {
		"X" : "11",
		"Y" : "385"
	},
	"PanelBarren" : {
		"X" : "11",
		"Y" : "310"
	}
}