{
	"Gerudo Valley" : "gv",
	"Gerudo Fortress" : "gf",
	"Gerudo Training Grounds" : "gtg",
	"Haunted Wasteland" : "hw",
	"Desert Colossus" : "dc",
	"Spirit Temple" : "st",
	"Kokiri Forest" : "kf",
	"Lost Woods" : "lw",
	"Sacred Forest Meadow" : "sfm",
	"Deku Tree" : "dt",
	"Forest Temple" : "ft",
	"Outside Ganon's Castle" : "ogc",
	"Ganon's Castle" : "gc",
	"Hyrule Field": "hf",
	"Hyrule Castle" : "hc",
	"Market" : "mk",
	"Lon Lon Ranch" : "ll",
	"Temple of Time": "tot",
	"Kakariko" : "kak",
	"Bottom of the Well" : "bot",
	"Graveyard" : "gy",
	"Goron City" : "gc",
	"Death Mountain Trail" : "dmt",
	"Death Mountain Crater" : "dmc",
	"Dodongo's Cavern" : "dc",
	"Shadow Temple" : "st",
	"Fire Temple" : "ft",
	"Zora's River" : "zr",
	"Zora's Domain" : "zd",
	"Zora's Fountain" : "zf",            
	"Ice Cavern" : "ic",
	"Lake Hylia" : "lh",
	"Jabu Jabu's Belly" : "jj",
	"Water Temple" : "wt"		
}